Business Object,Field Name,Description,Report Field Type,Related Business Object Name,Built-in Prompts,Domain,Categories,Authorized Usage,Where_Used
Worker,Employee ID,Worker id,Text,,No,Workers,HR,All,"Active Employee Report
Active Employee Report Copy"
Worker,Employee Name,Worker name,Text,,No,Workers,HR,All,"Active Employee Report
Active Employee Report Copy"
Worker,Manager,,Reference,Worker,No,Workers,HR,All,"Active Employee Report
Active Employee Report Copy"
Worker,Location,,Reference,Location,Yes,Workers,HR,All,Active Employee Report
Worker,Hire Date,,Date,,No,Workers,HR,All,Active Employee Report
Financial,Period,,Text,,Yes,Finance,Finance,All,Quarterly Finance Report
Financial,Amount,,Numeric,,No,Finance,Finance,All,Quarterly Finance Report
